{"tel": {"time": [0.0, 0.09, 0.091, 0.31, 0.33, 0.529, 0.57, 0.73, 0.81, 0.95, 1.05, 1.17, 1.29, 1.39, 1.53, 1.61, 1.77, 1.83, 2.01, 2.05, 2.25, 2.27, 2.471, 2.49, 2.69, 2.691, 2.91, 2.931, 3.13, 3.171, 3.331, 3.411, 3.551, 3.691, 3.77, 3.931, 3.99, 4.171, 4.191, 4.411, 4.63, 4.651, 4.849, 4.891, 5.069, 5.131, 5.27, 5.371, 5.49, 5.651, 5.709, 5.891, 5.929, 6.13, 6.131, 6.35, 6.371, 6.57, 6.651, 6.789, 6.891, 6.99, 7.13, 7.21, 7.37, 7.43, 7.61, 7.65, 7.85, 7.87, 8.09, 8.31, 8.33, 8.53, 8.57, 8.731, 8.85, 8.95, 9.09, 9.135], "rpm": [11551, 11493, 11377, 11003, 10630, 10695, 10760, 10790, 10821, 10875, 10929, 10969, 11010, 11030, 11050, 11054, 11058, 11067, 11076, 11018, 10961, 10898, 10836, 10774, 10613, 10453, 10298, 10144, 9879, 9615, 9419, 9223, 8855, 8488, 8273, 8059, 8176, 8293, 8800, 9308, 8771, 8235, 8066, 7897, 8106, 8315, 8023, 7732, 8088, 8444, 8247, 8050, 7994, 7938, 7882, 7749, 7616, 7646, 7677, 7767, 7858, 7981, 8105, 8223, 8342, 8468, 8595, 8857, 9120, 9334, 9548, 9747, 9947, 10289, 10632, 10833, 11034, 11231, 11429, 11505], "speed": [289, 289, 290, 292, 295, 296, 297, 299, 301, 301, 302, 303, 304, 306, 308, 308, 309, 309, 309, 310, 311, 308, 306, 304, 301, 298, 292, 287, 282, 278, 270, 263, 259, 255, 241, 228, 221, 215, 206, 198, 192, 186, 183, 180, 171, 163, 156, 149, 143, 137, 134, 131, 128, 126, 124, 122, 121, 120, 120, 120, 120, 120, 121, 123, 126, 129, 133, 135, 138, 141, 145, 150, 155, 158, 161, 166, 171, 174, 177, 178], "gear": [7, 7, 7, 7, 8, 8, 8, 8, 8, 8, 8, 8, 8, 8, 8, 8, 8, 8, 8, 8, 8, 8, 8, 8, 8, 8, 8, 8, 8, 8, 8, 8, 8, 8, 8, 8, 8, 7, 7, 7, 7, 6, 6, 6, 6, 6, 6, 5, 5, 4, 4, 4, 4, 4, 4, 4, 4, 4, 4, 4, 4, 4, 4, 4, 4, 4, 4, 4, 4, 4, 4, 4, 4, 4, 4, 4, 4, 4, 4, 4], "throttle": [0, 0, 0, 0, 0, 0, 0, 0, 0, 0, 0, 0, 0, 0, 0, 0, 0, 0, 0, 0, 0, 0, 0, 0, 0, 0, 0, 0, 0, 0, 0, 0, 0, 0, 0, 0, 0, 0, 0, 0, 0, 0, 0, 0, 0, 0, 0, 0, 0, 0, 0, 0, 0, 0, 0, 0, 0, 0, 0, 0, 0, 0, 0, 0, 0, 0, 0, 0, 0, 0, 0, 0, 0, 0, 0, 0, 0, 0, 0, 0], "brake": [-0.00255250707376084, 7.2905988069334855, 7.371944444444443, 25.312304854038757, 26.956666666666663, 43.355907970080075, 46.75666666666666, 60.119325735134275, 66.82333333333334, 78.55879041994525, 86.95666666666668, 97.06191814401504, 107.22333333333334, 115.75386172712473, 127.75666666666667, 134.62262908115957, 148.35666666666668, 153.50110567121448, 168.95666666666665, 172.41097379310725, 189.69, 191.3994262819451, 208.36700859976202, 209.95666666666668, 226.51356513020605, 226.59499999999997, 244.0770513969235, 245.72833333333332, 261.1665118885024, 264.26166666666666, 276.00846555228026, 281.795, 291.89839981735224, 301.62833333333333, 306.80206279229327, 316.8283333333333, 320.42778735572836, 331.1616666666667, 332.30567903690877, 344.3616666666667, 355.6907233313955, 356.7616666666667, 366.73257593554104, 368.7616666666667, 376.9206224967851, 379.6283333333334, 385.48358587754257, 389.5616666666667, 394.18460404981766, 400.21722222222223, 402.36061833999446, 408.9505555555556, 410.28850559554064, 417.18331489011405, 417.21722222222223, 424.5815371034449, 425.2838888888889, 431.9195226591245, 434.6172222222222, 439.21489202889586, 442.6172222222222, 445.92452000665145, 450.6502777777778, 453.40417621505196, 459.0502777777778, 461.2258404437975, 467.9169444444445, 469.42715978662653, 477.11694444444447, 477.90210344785424, 486.78361111111116, 496.23992237020025, 497.11694444444447, 506.0204734804252, 507.8502777777778, 515.4157667951447, 521.1502777777778, 526.0299076745355, 532.9502777777777, 535.1954029245494], "drs": [1, 1, 1, 1, 1, 1, 1, 1, 1, 1, 1, 1, 1, 1, 1, 1, 1, 1, 1, 1, 1, 1, 1, 0, 0, 0, 0, 0, 0, 0, 0, 0, 0, 0, 0, 0, 0, 0, 0, 0, 0, 0, 0, 0, 0, 0, 0, 0, 0, 0, 0, 0, 0, 0, 0, 0, 0, 0, 0, 0, 0, 0, 0, 0, 0, 0, 0, 0, 0, 0, 0, 0, 0, 0, 0, 0, 0, 0, 0, 0], "distance": [-0.00255250707376084, 7.2905988069334855, 7.371944444444443, 25.312304854038757, 26.956666666666663, 43.355907970080075, 46.75666666666666, 60.119325735134275, 66.82333333333334, 78.55879041994525, 86.95666666666668, 97.06191814401504, 107.22333333333334, 115.75386172712473, 127.75666666666667, 134.62262908115957, 148.35666666666668, 153.50110567121448, 168.95666666666665, 172.41097379310725, 189.69, 191.3994262819451, 208.36700859976202, 209.95666666666668, 226.51356513020605, 226.59499999999997, 244.0770513969235, 245.72833333333332, 261.1665118885024, 264.26166666666666, 276.00846555228026, 281.795, 291.89839981735224, 301.62833333333333, 306.80206279229327, 316.8283333333333, 320.42778735572836, 331.1616666666667, 332.30567903690877, 344.3616666666667, 355.6907233313955, 356.7616666666667, 366.73257593554104, 368.7616666666667, 376.9206224967851, 379.6283333333334, 385.48358587754257, 389.5616666666667, 394.18460404981766, 400.21722222222223, 402.36061833999446, 408.9505555555556, 410.28850559554064, 417.18331489011405, 417.21722222222223, 424.5815371034449, 425.2838888888889, 431.9195226591245, 434.6172222222222, 439.21489202889586, 442.6172222222222, 445.92452000665145, 450.6502777777778, 453.40417621505196, 459.0502777777778, 461.2258404437975, 467.9169444444445, 469.42715978662653, 477.11694444444447, 477.90210344785424, 486.78361111111116, 496.23992237020025, 497.11694444444447, 506.0204734804252, 507.8502777777778, 515.4157667951447, 521.1502777777778, 526.0299076745355, 532.9502777777777, 535.1954029245494], "rel_distance": [-4.700263972035696e-06, 0.013425129848951839, 0.013574922173992659, 0.04661084616513923, 0.049638823898901376, 0.07983688440844981, 0.08609914465560647, 0.1107055505040319, 0.12305051350331099, 0.14466054025100894, 0.16012464437376536, 0.17873276105009311, 0.1974442992897194, 0.21315267310092217, 0.23525500229667284, 0.2478981938085866, 0.27318846732637614, 0.2826615933980487, 0.3111219323560794, 0.3174827983066954, 0.3493009214312824, 0.35244871085298235, 0.3836933317506291, 0.38662057634723646, 0.41710895153495586, 0.4172589081750299, 0.4494508880445772, 0.4524916087042366, 0.4809199391093249, 0.4866194510286946, 0.5082503629091987, 0.5189058630119049, 0.5375105699853342, 0.5554275647799849, 0.5649546271831211, 0.5834173059669504, 0.5900454498157147, 0.6098111408581679, 0.6119177599474945, 0.634118021362638, 0.6549796900427846, 0.65695175759411, 0.6753124924516434, 0.6790489216890827, 0.6940730705075628, 0.6990591313973081, 0.709841171087883, 0.7173506727870356, 0.7258634899500581, 0.7369721360898863, 0.7409190507344647, 0.7530539610701166, 0.7555177028688185, 0.7682140139009631, 0.7682764518910978, 0.7818373247558834, 0.7831306566438295, 0.7953497140017494, 0.8003173398288083, 0.8087836285098557, 0.8150487825587902, 0.8211389410465796, 0.8298410947917189, 0.8349122069308301, 0.8453091096581998, 0.8493152567606943, 0.8616364586839298, 0.8644174150368418, 0.8785776178234089, 0.8800234334349916, 0.8963781111221371, 0.913791249590906, 0.9154062246483635, 0.9318014531593984, 0.9351709103110892, 0.9491022313340451, 0.959661933849684, 0.9686474323956333, 0.9813908118764072, 0.985525053441571],