{"tel": {"time": [0.0, 0.009, 0.03, 0.228, 0.27, 0.448, 0.51, 0.649, 0.75, 0.869, 1.03, 1.088, 1.27, 1.308, 1.509, 1.51, 1.729, 1.75, 1.949, 2.03, 2.168, 2.27, 2.369, 2.509, 2.589, 2.749, 2.809, 2.989, 3.029, 3.229, 3.249, 3.469, 3.689, 3.709, 3.909, 3.949, 4.11, 4.229, 4.329, 4.469, 4.549, 4.67, 4.769, 4.91, 4.97, 5.15, 5.19, 5.39, 5.409, 5.629, 5.63, 5.758], "rpm": [11364, 11393, 11452, 11466, 11481, 11529, 11578, 11609, 11640, 11677, 11715, 11722, 11729, 11743, 11757, 11771, 11843, 11916, 11837, 11759, 11305, 10851, 10822, 10794, 10797, 10801, 10800, 10800, 10785, 10771, 10738, 10706, 10486, 10267, 9847, 9428, 9283, 9139, 9147, 9156, 9047, 8938, 8934, 8931, 9195, 9459, 9334, 9209, 9058, 8907, 8757, 8757], "speed": [281, 282, 285, 285, 286, 286, 287, 288, 289, 290, 292, 292, 292, 292, 293, 294, 295, 296, 296, 297, 297, 297, 297, 298, 298, 299, 299, 299, 299, 299, 298, 297, 296, 295, 282, 270, 252, 234, 228, 223, 207, 192, 184, 177, 169, 161, 158, 155, 152, 150, 148, 147], "gear": [7, 7, 7, 7, 7, 7, 7, 7, 7, 7, 7, 7, 7, 7, 7, 7, 7, 7, 7, 7, 7, 7, 7, 8, 8, 8, 8, 8, 8, 8, 8, 8, 8, 8, 8, 8, 8, 8, 8, 8, 8, 7, 7, 6, 6, 5, 5, 4, 4, 4, 4, 4], "throttle": [0, 0, 0, 0, 0, 0, 0, 0, 0, 0, 0, 0, 0, 0, 0, 0, 0, 0, 0, 0, 0, 0, 0, 0, 0, 0, 0, 0, 0, 0, 0, 0, 0, 0, 0, 0, 0, 0, 0, 0, 0, 0, 0, 0, 0, 0, 0, 0, 0, 0, 0, 0], "brake": [0.2879283055937023, 1.0014499203543687, 2.6666666666666714, 18.392343421986787, 21.733333333333338, 35.91389693502755, 40.86666666666667, 52.00198686641588, 60.13333333333333, 69.7680515297638, 82.84444444444445, 87.54806436618479, 102.31111111111112, 105.40390368422989, 121.82912582669418, 121.91111111111113, 139.91437780689137, 141.64444444444445, 158.06090591640086, 164.74444444444444, 176.1251845968643, 184.54444444444445, 192.72988476259172, 204.32833333333332, 210.96810509017192, 224.26166666666666, 229.24504583530359, 244.19499999999996, 247.51974283765168, 264.12833333333333, 265.7825583157331, 283.9283333333333, 302.0045375893736, 303.59499999999997, 318.7628452466053, 321.59499999999997, 332.25175535147883, 339.79499999999996, 346.13811906321564, 354.66166666666663, 359.09744197814695, 365.3816666666666, 370.3684783691932, 377.1816666666666, 379.9504769285527, 387.91499999999996, 389.6602817037061, 398.2483333333333, 399.0453418961964, 408.0742888730867, 408.11499999999995, 413.3149013010541], "drs": [1, 1, 1, 1, 0, 0, 0, 0, 0, 0, 0, 0, 0, 0, 0, 0, 0, 0, 0, 0, 0, 0, 0, 0, 0, 0, 0, 0, 0, 0, 0, 0, 0, 0, 0, 0, 0, 0, 0, 0, 0, 0, 0, 0, 0, 0, 0, 0, 0, 0, 0, 0], "distance": [0.2879283055937023, 1.0014499203543687, 2.6666666666666714, 18.392343421986787, 21.733333333333338, 35.91389693502755, 40.86666666666667, 52.00198686641588, 60.13333333333333, 69.7680515297638, 82.84444444444445, 87.54806436618479, 102.31111111111112, 105.40390368422989, 121.82912582669418, 121.91111111111113, 139.91437780689137, 141.64444444444445, 158.06090591640086, 164.74444444444444, 176.1251845968643, 184.54444444444445, 192.72988476259172, 204.32833333333332, 210.96810509017192, 224.26166666666666, 229.24504583530359, 244.19499999999996, 247.51974283765168, 264.12833333333333, 265.7825583157331, 283.9283333333333, 302.0045375893736, 303.59499999999997, 318.7628452466053, 321.59499999999997, 332.25175535147883, 339.79499999999996, 346.13811906321564, 354.66166666666663, 359.09744197814695, 365.3816666666666, 370.3684783691932, 377.1816666666666, 379.9504769285527, 387.91499999999996, 389.6602817037061, 398.2483333333333, 399.0453418961964, 408.0742888730867, 408.11499999999995, 413.3149013010541], "rel_distance": [0.0006890737203539589, 0.0023966828163832204, 0.0063819009289654656, 0.04401679258898592, 0.052012492571068464, 0.0859495995796582, 0.09780263173639558, 0.12445182310906082, 0.14391186594817099, 0.16696979732621597, 0.19826438885986014, 0.20952115249038078, 0.24485226564130796, 0.25225397656461446, 0.2915630292331608, 0.29175923746920407, 0.3348448866380338, 0.3389853043435484, 0.378273390862875, 0.39426852114071165, 0.42150505469735267, 0.44165413553828015, 0.4612436364771709, 0.4890011926177361, 0.5048915796963936, 0.5367059020617528, 0.5486321891163946, 0.5844106115057696, 0.5923674287823374, 0.6321153209497864, 0.6360742334317471, 0.6795009353473548, 0.7227611396225272, 0.7265674546984751, 0.7628673368246179, 0.769645285968992, 0.7951491697980019, 0.8132017598091811, 0.8283821938499589, 0.8487808574881636, 0.8593966119560454, 0.8744360992226046, 0.8863706010614535, 0.9026760108332768, 0.9093023631266992, 0.9283631620723628, 0.9325399926696837, 0.9530930281721038, 0.9550004393050026, 0.976608631217276, 0.9767060616092761, 0.9891505322131728], "acc_x": [20.57613168724233, 21.844523366592927, 11.942259992107557, 2.075069569361803, 1.1924803591469986, 1.727997219290736, 2.0787267366869315, 2.534675109301982, 2.6054192720859546, 2.6794087867147383, 1.8376579449638941, 0.8455944529003909, 0.3874167054083286, 1.304175047909248, 2.1459258896600915, 2.5301141225233503, 2.034231200897842, 1.523168189834839, 1.174360478013458, 0.7534850571380466, 0.4227972264502063, 0.3874167054083286, 0.8082921262837404, 1.1940945954195534, 1.2275533108866572, 0.8066778900112455, 0.42087542087543245, 0.0, -0.42087542087543245, -1.1924803591470403, -1.6133557800224625, -1.9640852974186365, -7.084736251402922, -16.308922558922568, -29.357107559843847, -35.36961357234984, -35.87168527875947, -26.295722500060418, -23.229344433682332, -27.362660602710353, -32.798968122351226, -29.747621321004445, -22.377066686768195, -18.86977151280633, -17.71236410539892, -13.117283950617269, -9.481227803145606, -6.788681700557681, -6.149750914568072, -5.766283662671361, -4.5525797652592805, -2.8766957364340713], "acc_y": [9.605947606220138, 9.54158655874208, 9.545859324738935, 9.50630916273761, 9.448107958937184, 9.353301827417216, 0.7556404953221736, -0.589921303474686, -0.04781826028769365, 0.2891298202116318, -0.1257604076925955, -0.4166591701171743, -0.14822043085102907, 0.32068043901947074, 0.16644977211985357, 0.14580904094242875, 0.48216101510213544, 0.045525108541258186, -0.3753912705267545, -0.27903614694021905, -0.012900755480816348, 0.2968469234944926, 0.06800997027042155, -0.04391828314780977, 0.06453836035158905, -0.017348058951601908, -0.14479824176319467, -0.04317315673367886, 0.2589777992868516, 0.4448561369853473, 0.18298546379425584, -0.032445733556795316, 0.04750336958517165, 0.06268251203776298, -0.07325655522633759, -0.08795779296656564, 0.22682112905117396, 0.5723053478671671, 0.34390381281086146, -0.2960284914326241, -0.4001012681869875, 0.16296842651507265, 0.5066863728085216, 0.21827559250210368, -0.09277903775627774, -0.32077354657315676, -0.419029597420303, -0.35601579509417014, 0.007150926100277871, 0.14479218735968905, -0.13726155864652065, -0.29875379299528504], "acc_z": [0.0, 0.0, 0.0, 0.0, 0.0, 0.0, 0.0, 0.0, 0.0, 0.0, 0.0, 0.0, 0.0, 0.0, 0.0, 0.0, 0.0, 0.0, 0.0, 0.0, 0.0, 0.0, 0.0, 0.0, 0.0, 0.0, 0.0, 0.0, 0.0, 0.0, 0.0, 0.0, 0.0, 0.0, 0.0, 0.0, 0.0, 0.0, 0.0, 0.0, 0.0, 0.0, 0.0, 0.0, 0.0, 0.0, 0.0, 0.0, 0.0, 0.0, 0.0, 0.0], "x": [1249, 1243, 1228, 1098, 1074, 973, 922, 799, 733, 654, 487, 432, 303, 277, 123, 122, -31, -45, -185, -242, -340, -411, -494, -647, -726, -823, -861, -1012, -1045, -1185, -1199, -1373, -1672, -1692, -1826, -1851, -1961, -2029, -2086, -2173, -2221, -2282, -2327, -2387, -2423, -2570, -2597, -2668, -2674, -2751, -2751, -2785], "y": [-1143, -1145, -1148, -1184, -1190, -1218, -1231, -1265, -1282, -1304, -1348, -1363, -1396, -1404, -1446, -1446, -1487, -1490, -1529, -1544, -1570, -1589, -1612, -1653, -1674, -1699, -1710, -1751, -1760, -1797, -1801, -1848, -1928, -1933, -1969, -1976, -2006, -2024, -2039, -2062, -2075, -2091, -2104, -2120, -2130, -2168, -2176, -2195, -2197, -2217, -2217, -2226], "z": [0, 0, 0, 0, 0, 0, 0, 0, 0, 0, 0, 0, 0, 0, 0, 0, 0, 0, 0, 0, 0, 0, 0, 0, 0, 0, 0, 0, 0, 0, 0, 0, 0, 0, 0, 0, 0, 0, 0, 0, 0, 0, 0, 0, 0, 0, 0, 0, 0, 0, 0, 0], "dataKey": "ALB - Lap 28 - 2020 - Practice 1 - [107.379]"}}