{"tel": {"time": [0.0, 0.11, 0.225, 0.33, 0.465, 0.55, 0.705, 0.77, 0.945, 0.99, 1.185, 1.21, 1.425, 1.43, 1.65, 1.665, 1.87, 1.905, 2.09, 2.145, 2.31, 2.385, 2.511, 2.624, 2.731, 2.864, 2.951, 3.104, 3.171, 3.344, 3.391, 3.584, 3.611, 3.824, 3.831, 4.051, 4.064, 4.271, 4.304, 4.491, 4.544, 4.711, 4.784, 4.93, 5.024, 5.15, 5.264, 5.37, 5.504, 5.59, 5.744, 5.81, 5.984, 6.03, 6.224, 6.25, 6.464, 6.47, 6.69, 6.705, 6.91, 6.945, 7.13, 7.185, 7.35, 7.425, 7.57, 7.665, 7.79, 7.905, 8.01, 8.145, 8.23, 8.385, 8.45, 8.625, 8.67, 8.865, 8.89, 9.091, 9.105, 9.311, 9.344, 9.531, 9.584, 9.751, 9.824, 9.971, 10.184, 10.191, 10.411, 10.424, 10.631, 10.665, 10.851, 10.944, 11.071, 11.184, 11.291, 11.424], "rpm": [9104, 9594, 10574, 10088, 9602, 9125, 8649, 8374, 8099, 7621, 7143, 6991, 6840, 6473, 6106, 5740, 5508, 5276, 5264, 5252, 5514, 5777, 6477, 7177, 8017, 8857, 9137, 9417, 8577, 7737, 7443, 7149, 6906, 6664, 6427, 6190, 5953, 5754, 5555, 5316, 5078, 4956, 4835, 5263, 5691, 6181, 6671, 7511, 8351, 8612, 8873, 8257, 7641, 7478, 7315, 7068, 6822, 6722, 6622, 6523, 6283, 6044, 5927, 5810, 5635, 5460, 5181, 4902, 4727, 4553, 4379, 4205, 4250, 4296, 4271, 4246, 4160, 4074, 4069, 4065, 4061, 4131, 4201, 4149, 4097, 4076, 4055, 4024, 3993, 4009, 4025, 4042, 4020, 3998, 4040, 4083, 4060, 4037, 3986, 3936], "speed": [84, 86, 90, 89, 88, 85, 82, 77, 73, 71, 70, 65, 61, 58, 56, 54, 52, 50, 48, 47, 50, 54, 58, 63, 68, 73, 75, 77, 74, 71, 69, 67, 64, 62, 60, 58, 56, 54, 52, 49, 47, 46, 45, 47, 49, 55, 62, 65, 68, 71, 74, 72, 71, 69, 68, 66, 64, 63, 62, 61, 58, 56, 54, 53, 52, 52, 49, 47, 46, 45, 43, 41, 39, 38, 36, 35, 32, 30, 29, 28, 27, 25, 24, 23, 23, 22, 21, 18, 15, 14, 13, 12, 10, 8, 7, 6, 4, 3, 1, 0], "gear": [1, 1, 1, 1, 1, 1, 1, 1, 1, 1, 1, 1, 1, 1, 1, 1, 1, 1, 1, 1, 1, 1, 1, 1, 1, 1, 1, 1, 1, 1, 1, 1, 1, 1, 1, 1, 1, 1, 1, 1, 1, 1, 1, 1, 1, 1, 1, 1, 1, 1, 1, 1, 1, 1, 1, 1, 1, 1, 1, 1, 1, 1, 1, 1, 1, 1, 1, 1, 1, 1, 1, 1, 1, 0, 0, 0, 0, 0, 0, 0, 0, 0, 0, 0, 0, 0, 0, 0, 0, 0, 0, 0, 0, 0, 0, 0, 0, 0, 0, 0], "throttle": [0, 0, 0, 0, 0, 0, 0, 0, 0, 0, 0, 0, 0, 0, 0, 0, 0, 0, 0, 0, 0, 0, 0, 0, 0, 0, 0, 0, 0, 0, 0, 0, 0, 0, 0, 0, 0, 0, 0, 0, 0, 0, 0, 0, 0, 0, 0, 0, 0, 0, 0, 0, 0, 0, 0, 0, 0, 0, 0, 0, 0, 0, 0, 0, 0, 0, 0, 0, 0, 0, 0, 0, 0, 0, 0, 0, 0, 0, 0, 0, 0, 0, 0, 0, 0, 0, 0, 0, 0, 0, 0, 0, 0, 0, 0, 0, 0, 0, 0, 0], "brake": [0.13401075954827735, 2.888880923280564, 5.7494444444444435, 8.34379487823662, 11.61611111111111, 13.612362471555468, 17.082777777777775, 18.449035733667756, 21.949444444444442, 22.842614433670818, 26.61611111111111, 27.06994274805395, 30.682777777777776, 30.761892973247807, 34.06622095992921, 34.282777777777774, 37.14843752298826, 37.61611111111111, 40.006140741285755, 40.74944444444444, 43.162030181918944, 44.34944444444444, 46.4722700971707, 48.53194444444444, 50.633428497437556, 53.3986111111111, 55.26171269665609, 58.53194444444444, 59.89690320942982, 63.26527777777777, 64.15948721421034, 67.73194444444444, 68.21520901385894, 71.86527777777776, 71.9795979351722, 75.40348624832232, 75.5986111111111, 78.6085122476569, 79.06527777777777, 81.52585850254783, 82.19861111111109, 84.27812449209087, 85.19861111111109, 87.10035321868321, 88.46527777777776, 90.55408173899055, 92.5986111111111, 94.55287110416384, 97.13194444444441, 98.87630946581183, 102.06527777777775, 103.39407367868449, 106.79861111111109, 107.68338216893265, 111.33194444444442, 111.80676843824575, 115.59861111111108, 115.70285949919877, 119.43753461973411, 119.6822222222222, 122.88717454702585, 123.41555555555553, 126.14395656634606, 126.94888888888885, 129.3614978830405, 130.41555555555553, 132.33397154934454, 133.54888888888885, 135.13500355896986, 136.54888888888885, 137.7764695465599, 139.28222222222217, 140.2000152160624, 141.8155555555555, 142.47175740632656, 144.14888888888885, 144.54820740498758, 146.14888888888885, 146.34492053813082, 147.84981091804522, 147.94888888888886, 149.32758941429273, 149.5422222222222, 150.74406858497258, 151.07555555555552, 152.08051112850706, 152.47555555555553, 153.16037906673398, 153.97555555555553, 154.00103567592592, 154.73899216276737, 154.77555555555554, 155.2447702238157, 155.3111111111111, 155.64389522228277, 155.7761111111111, 155.90921307173477, 155.9761111111111, 155.9904601951091, 155.9761111111111], "drs": [0, 0, 0, 0, 0, 0, 0, 0, 0, 0, 0, 0, 0, 0, 0, 0, 0, 0, 0, 0, 0, 0, 0, 0, 0, 0, 0, 0, 0, 0, 0, 0, 0, 0, 0, 0, 0, 0, 0, 0, 0, 0, 0, 0, 0, 0, 0, 0, 0, 0, 0, 0, 0, 0, 0, 0, 0, 0, 0, 0, 0, 0, 0, 0, 0, 0, 0, 0, 0, 0, 0, 0, 0, 0, 0, 0, 0, 0, 0, 0, 0, 0, 0, 0, 0, 0, 0, 0, 0, 0, 0, 0, 0, 0, 0, 0, 0, 0, 0, 0], "distance": [0.13401075954827735, 2.888880923280564, 5.7494444444444435, 8.34379487823662, 11.61611111111111, 13.612362471555468, 17.082777777777775, 18.449035733667756, 21.949444444444442, 22.842614433670818, 26.61611111111111, 27.06994274805395, 30.682777777777776, 30.761892973247807, 34.06622095992921, 34.282777777777774, 37.14843752298826, 37.61611111111111, 40.006140741285755, 40.74944444444444, 43.162030181918944, 44.34944444444444, 46.4722700971707, 48.53194444444444, 50.633428497437556, 53.3986111111111, 55.26171269665609, 58.53194444444444, 59.89690320942982, 63.26527777777777, 64.15948721421034, 67.73194444444444, 68.21520901385894, 71.86527777777776, 71.9795979351722, 75.40348624832232, 75.5986111111111, 78.6085122476569, 79.06527777777777, 81.52585850254783, 82.19861111111109, 84.27812449209087, 85.19861111111109, 87.10035321868321, 88.46527777777776, 90.55408173899055, 92.5986111111111, 94.55287110416384, 97.13194444444441, 98.87630946581183, 102.06527777777775, 103.39407367868449, 106.79861111111109, 107.68338216893265, 111.33194444444442, 111.80676843824575, 115.59861111111108, 115.70285949919877, 119.43753461973411, 119.6822222222222, 122.88717454702585, 123.41555555555553, 126.14395656634606, 126.94888888888885, 129.3614978830405, 130.41555555555553, 132.33397154934454, 133.54888888888885, 135.13500355896986, 136.54888888888885, 137.7764695465599, 139.28222222222217, 140.2000152160624, 141.8155555555555, 142.47175740632656, 144.14888888888885, 144.54820740498758, 146.14888888888885, 146.34492053813082, 147.84981091804522, 147.94888888888886, 149.32758941429273, 149.5422222222222, 150.74406858497258, 151.07555555555552, 152.08051112850706, 152.47555555555553, 153.16037906673398, 153.97555555555553, 154.00103567592592, 154.73899216276737, 154.77555555555554, 155.2447702238157, 155.3111111111111, 155.64389522228277, 155.7761111111111, 155.90921307173477, 155.9761111111111, 155.9904601951091, 155.9761111111111],