{"CornerNumber": [1, 2, 3, 4, 5, 6, 7, 8, 9, 10, 11, 12, 13, 14, 15], "X": [-2960.7265625, -2634.37353515625, -4690.2216796875, -3856.30078125, -4644.2734375, -3572.104248046875, -8064.6611328125, -5799.12548828125, -5876.3427734375, -4677.0126953125, -6295.044921875, -3719.56396484375, 666.461181640625, 747.4179077148438, 3437.742919921875], "Y": [-4260.5556640625, -2487.387451171875, -2910.337890625, -3354.125732421875, -8183.140625, -9135.521484375, -12769.9482421875, -9622.5361328125, -8478.802734375, -4507.01904296875, -3430.306884765625, -92.44921112060547, 1096.2901611328125, 1437.0936279296875, 1892.5452880859375], "Angle": [-124.46138229369949, 29.084815170335, -168.7368079579536, 49.09480700216158, -148.47953337116525, -11.478712007260794, -133.71953282244115, -6.394632087113873, 173.87311440828495, 14.921500007056386, -162.97402298639642, 124.03142544548348, -41.8024745863585, 155.7145517229869, 32.12937461141505], "Distance": [624.2149526977538, 817.0456864929199, 1070.707558990478, 1169.7072553100581, 1674.2478763122544, 1826.1269284973127, 2426.8841218261696, 2835.2081705017054, 2950.5090216369595, 3366.784853149409, 3570.7480829162546, 4001.7347126769955, 4458.5646366577075, 4494.745248565669, 4793.334694091789]}