{"tel": {"time": [0.0, 0.046, 0.069, 0.266, 0.309, 0.486, 0.549, 0.705, 0.788, 0.906, 1.028, 1.126, 1.268, 1.346, 1.547, 1.548, 1.766, 1.788, 1.986, 2.028, 2.206, 2.268, 2.407, 2.508, 2.626, 2.748, 2.846, 2.988, 3.066, 3.228, 3.286, 3.468, 3.487, 3.706, 3.748, 3.926, 3.988, 4.146, 4.228, 4.346, 4.508, 4.566, 4.709, 4.785, 4.91, 5.005, 5.149, 5.206, 5.389], "rpm": [11279, 11302, 11348, 11398, 11449, 11486, 11523, 11594, 11666, 11729, 11793, 11793, 11793, 11836, 11879, 11923, 11881, 11839, 11842, 11846, 11808, 11771, 11818, 11866, 11824, 11783, 11792, 11802, 11746, 11690, 11660, 11630, 11537, 11445, 11353, 11213, 11073, 10755, 10437, 9457, 8477, 7777, 7077, 6965, 6853, 7369, 7886, 7046, 6206], "speed": [278, 279, 280, 281, 282, 284, 286, 286, 287, 288, 290, 291, 292, 292, 293, 294, 294, 295, 295, 295, 295, 295, 294, 294, 293, 293, 292, 292, 291, 291, 290, 290, 288, 286, 284, 277, 271, 251, 231, 201, 171, 151, 131, 111, 91, 61, 31, 15, 0], "gear": [7, 7, 7, 7, 7, 7, 7, 7, 7, 7, 7, 7, 7, 7, 7, 7, 7, 7, 7, 7, 7, 7, 7, 7, 7, 7, 7, 7, 7, 7, 7, 7, 7, 7, 7, 7, 7, 7, 7, 7, 7, 7, 6, 6, 4, 4, 4, 4, 6], "throttle": [100, 100, 100, 100, 100, 100, 100, 100, 100, 100, 100, 100, 100, 100, 100, 100, 100, 100, 100, 100, 100, 100, 100, 100, 100, 100, 100, 100, 100, 100, 100, 100, 100, 100, 100, 50, 0, 0, 0, 0, 0, 0, 0, 0, 1, 2, 3, 1, 0], "brake": [0, 0, 0, 0, 0, 0, 0, 0, 0, 0, 0, 0, 0, 0, 0, 0, 0, 0, 0, 0, 0, 0, 0, 0, 0, 0, 0, 0, 0, 0, 0, 0, 0, 0, 1, 1, 1, 1, 1, 1, 1, 1, 1, 1, 1, 1, 1, 1, 1], "drs": [0, 0, 0, 0, 0, 0, 0, 0, 0, 0, 0, 0, 0, 0, 0, 0, 0, 0, 0, 0, 0, 0, 0, 0, 0, 0, 0, 0, 0, 0, 0, 0, 0, 0, 0, 0, 0, 0, 0, 0, 0, 0, 0, 0, 0, 0, 0, 0, 0], "distance": [0.1638539763359761, 3.7487519357677637, 5.542500000000004, 20.954586109779296, 24.3425, 38.39356832241715, 43.40916666666667, 55.82891218906232, 62.46277777777778, 71.94548121289637, 81.79611111111112, 89.73013468231392, 101.26277777777779, 107.61779301810348, 124.04759232260739, 124.12944444444446, 141.99301795917597, 143.79611111111112, 160.02059259202477, 163.46277777777777, 178.05350315384342, 183.12944444444443, 194.48981105654815, 202.72944444444445, 212.34144359061565, 222.2627777777778, 230.220104920805, 241.72944444444445, 248.04015368974834, 261.12944444444446, 265.81409437141315, 280.4627777777778, 281.98045649484857, 299.2830897285902, 302.5516666666667, 316.1461157620085, 320.61833333333334, 331.15976639844536, 336.0183333333333, 342.17493019011073, 349.3183333333333, 351.6144536584094, 356.6325, 358.8684299197514, 361.71333333333337, 362.97617935471163, 363.7713888888889, 363.88331674091927, 363.7713888888889], "rel_distance": [0.0004504311810680241, 0.010305241286891836, 0.015236217496183892, 0.05760372241968625, 0.06691702740655953, 0.1055431226729713, 0.11933089845041568, 0.1534725211886161, 0.17170888004294516, 0.1977766350252233, 0.2248558122202818, 0.24666627839090793, 0.2783692749643587, 0.29583907999695513, 0.3410042573757682, 0.3412292671603121, 0.3903358600930175, 0.39529252575449936, 0.43989328869649447, 0.4493557843486866, 0.48946538565799214, 0.5034190429428739, 0.5346484550382096, 0.557299036253691, 0.5837222224628382, 0.6109957642811382, 0.6328702914871734, 0.664509227025215, 0.6818572357968214, 0.7178394244859218, 0.7307174299312581, 0.7709863566632584, 0.7751584239654904, 0.8227230037049555, 0.8317082538865603, 0.8690791123723389, 0.8813731456798646, 0.9103513264469391, 0.9237074261383637, 0.940631783151658, 0.960268850170704, 0.9665808373011082, 0.9803753425724488, 0.9865218675275336, 0.9943424479812948, 0.9978139854907058, 1.0, 1.0003076873427903, 1.0], "acc_x": [4.696725711218528, 5.538476552969373, 4.2971990435758665, 2.8759820426487064, 3.5774410774410765, 3.651430592069861, 2.7762210348519334, 2.1543304875882505, 2.4661434420952792, 3.341352999313207, 3.1916386083052837, 2.4551066217732957, 1.5243534508767547, 1.669506855106067, 1.6714286606808408, 1.7253580380869196, 1.2294751164614113, 0.806677890011205, 0.42087542087541135, 0.0, -0.4606596646397535, -0.8464621337755469, -1.2692593602257536, -1.1944021647218133, -1.2294751164614306, -1.1924803591470179, -1.227553310886638, -1.1924803591470403, -1.2275533108866572, -1.1924803591470179, -1.7279972192907356, -2.863299825181591, -3.8965409206832344, -6.763100379282489, -10.222354451281664, -19.74607182940519, -31.3902918069585, -49.52300785634119, -58.42151675485005, -64.03318903318902, -59.31142747063149, -56.38204668736942, -53.76466222918887, -56.38204668736933, -62.71515995386182, -65.4791179417004, -56.3952234411392, -40.739777886523605, -19.54943331309451], "acc_y": [0.16160315307785872, 0.25378753422827083, 0.27035487261449553, 0.06597459848840398, -0.09286295139408204, 0.002283175680578828, 0.03371201099379595, 0.12535645743375443, 0.03605984502282472, -0.10348329660844519, -0.07526680110334744, 0.06689944000871126, 0.2164697991140901, 0.30848633001072046, 0.21334020293605954, 0.027287900454636235, -0.04837379381201047, 0.011402035907574451, -0.09177701251878076, -0.2704088945955767, -0.17221848119767907, 0.07088128196689664, 0.19291576227196724, 0.49629059393663655, 0.77966974374775, 0.7145037703132714, 0.6953978509087789, 0.8093200465030725, 0.7740453881714296, 0.6184791820961529, 0.5273244585660122, 0.2945184210596009, -0.34664139925642345, -0.9796054311084026, -0.9366237104591533, -0.4967244792019517, -0.14892310987919893, -0.207389930138923, -0.6241276448452924, -0.9312517176355937, -0.7038986170218936, -0.10483649217978713, 0.017240935444874178, -0.03255873215626845, -0.36935946860837743, -0.5565385947405395, -0.4045661107278863, -0.08918618284242077, 0.12080276533415818], "acc_z": [-0.10437738487634762, -0.10437738487634762, -0.07899202586708466, -0.07899202586708466, -0.08347815943381354, -0.08347815943381354, -0.36770823939091096, -0.43628492007510317, -0.21259900587262237, 0.02341838843322524, -0.237419593612881, -0.5013178497491226, -0.5000661441421808, -0.514108671113419, -0.7321197832422276, -1.0237880584541175, -1.3079849582112077, -1.6510457378284524, -1.8017972719482325, -1.7240655598642611, -1.7082105402255379, -2.1902684258940774, -2.614148892283421, -2.499308204204275, -2.160893095690493, -2.2189585283919304, -2.260126697755996, -2.331198565056958, -2.3148768099382453, -2.5226463937004606, -2.600839653470164, -2.3910611541232947, -2.4232136312202135, -2.343337023487457, -2.0705870620690314, -1.914546605486619, -1.8545076675946974, -1.714263099230148, -1.2340804050631382, -0.6638986019191259, -0.626254954169702, -1.1450326479242388, -1.3176278978863152, -1.248115526846213, -1.026698082088964, -0.8644549285210512, -0.8379149820421787, -0.8876702149587178, -0.8988525782714291], "x": [1171.140745863445, 1137.0, 1119.8354177345836, 971.0, 938.4449290205936, 804.0, 755.556456927389, 635.0, 571.3927397529985, 481.0, 386.43839456558123, 310.0, 198.96102253377555, 138.0, -19.0, -19.78516157612535, -192.0, -209.4038909077588, -366.0, -399.2471950945235, -540.0, -588.746357859387, -698.0, -778.1724797302264, -872.0, -968.2242397701297, -1045.0, -1155.6058888913228, -1217.0, -1347.173326018074, -1394.0, -1539.9848896881422, -1555.0, -1725.0, -1757.433852319201, -1893.0, -1938.1214189198013, -2046.0, -2096.4179862475444, -2163.0, -2244.0994387502824, -2267.0, -2308.1707416201834, -2344.0, -2445.864788296199, -2512.0, -2536.373149255369, -2537.0, -2540.8723670252193],