{"tel": {"time": [0.0, 0.046, 0.069, 0.266, 0.309, 0.486, 0.549, 0.705, 0.788, 0.906, 1.028, 1.126, 1.268, 1.346, 1.547, 1.548, 1.766, 1.788, 1.986, 2.028, 2.206, 2.268, 2.407, 2.508, 2.626, 2.748, 2.846, 2.988, 3.066, 3.228, 3.286, 3.468, 3.487, 3.706, 3.748, 3.926, 3.988, 4.146, 4.228, 4.346, 4.508, 4.566, 4.709, 4.785, 4.91, 5.005, 5.149, 5.206, 5.389], "rpm": [11279, 11302, 11348, 11398, 11449, 11486, 11523, 11594, 11666, 11729, 11793, 11793, 11793, 11836, 11879, 11923, 11881, 11839, 11842, 11846, 11808, 11771, 11818, 11866, 11824, 11783, 11792, 11802, 11746, 11690, 11660, 11630, 11537, 11445, 11353, 11213, 11073, 10755, 10437, 9457, 8477, 7777, 7077, 6965, 6853, 7369, 7886, 7046, 6206], "speed": [278, 279, 280, 281, 282, 284, 286, 286, 287, 288, 290, 291, 292, 292, 293, 294, 294, 295, 295, 295, 295, 295, 294, 294, 293, 293, 292, 292, 291, 291, 290, 290, 288, 286, 284, 277, 271, 251, 231, 201, 171, 151, 131, 111, 91, 61, 31, 15, 0], "gear": [7, 7, 7, 7, 7, 7, 7, 7, 7, 7, 7, 7, 7, 7, 7, 7, 7, 7, 7, 7, 7, 7, 7, 7, 7, 7, 7, 7, 7, 7, 7, 7, 7, 7, 7, 7, 7, 7, 7, 7, 7, 7, 6, 6, 4, 4, 4, 4, 6], "throttle": [0, 0, 0, 0, 0, 0, 0, 0, 0, 0, 0, 0, 0, 0, 0, 0, 0, 0, 0, 0, 0, 0, 0, 0, 0, 0, 0, 0, 0, 0, 0, 0, 0, 0, 0, 0, 0, 0, 0, 0, 0, 0, 0, 0, 0, 0, 0, 0, 0], "brake": [0.1638539763359761, 3.7487519357677637, 5.542500000000004, 20.954586109779296, 24.3425, 38.39356832241715, 43.40916666666667, 55.82891218906232, 62.46277777777778, 71.94548121289637, 81.79611111111112, 89.73013468231392, 101.26277777777779, 107.61779301810348, 124.04759232260739, 124.12944444444446, 141.99301795917597, 143.79611111111112, 160.02059259202477, 163.46277777777777, 178.05350315384342, 183.12944444444443, 194.48981105654815, 202.72944444444445, 212.34144359061565, 222.2627777777778, 230.220104920805, 241.72944444444445, 248.04015368974834, 261.12944444444446, 265.81409437141315, 280.4627777777778, 281.98045649484857, 299.2830897285902, 302.5516666666667, 316.1461157620085, 320.61833333333334, 331.15976639844536, 336.0183333333333, 342.17493019011073, 349.3183333333333, 351.6144536584094, 356.6325, 358.8684299197514, 361.71333333333337, 362.97617935471163, 363.7713888888889, 363.88331674091927, 363.7713888888889], "drs": [0, 0, 0, 0, 0, 0, 0, 0, 0, 0, 0, 0, 0, 0, 0, 0, 0, 0, 0, 0, 0, 0, 0, 0, 0, 0, 0, 0, 0, 0, 0, 0, 0, 0, 0, 0, 0, 0, 0, 0, 0, 0, 0, 0, 0, 0, 0, 0, 0], "distance": [0.1638539763359761, 3.7487519357677637, 5.542500000000004, 20.954586109779296, 24.3425, 38.39356832241715, 43.40916666666667, 55.82891218906232, 62.46277777777778, 71.94548121289637, 81.79611111111112, 89.73013468231392, 101.26277777777779, 107.61779301810348, 124.04759232260739, 124.12944444444446, 141.99301795917597, 143.79611111111112, 160.02059259202477, 163.46277777777777, 178.05350315384342, 183.12944444444443, 194.48981105654815, 202.72944444444445, 212.34144359061565, 222.2627777777778, 230.220104920805, 241.72944444444445, 248.04015368974834, 261.12944444444446, 265.81409437141315, 280.4627777777778, 281.98045649484857, 299.2830897285902, 302.5516666666667, 316.1461157620085, 320.61833333333334, 331.15976639844536, 336.0183333333333, 342.17493019011073, 349.3183333333333, 351.6144536584094, 356.6325, 358.8684299197514, 361.71333333333337, 362.97617935471163, 363.7713888888889, 363.88331674091927, 363.7713888888889], "rel_distance": [0.0004504311810680241, 0.010305241286891836, 0.015236217496183892, 0.05760372241968625, 0.06691702740655953, 0.1055431226729713, 0.11933089845041568, 0.1534725211886161, 0.17170888004294516, 0.1977766350252233, 0.2248558122202818, 0.24666627839090793, 0.2783692749643587, 0.29583907999695513, 0.3410042573757682, 0.3412292671603121, 0.3903358600930175, 0.39529252575449936, 0.43989328869649447, 0.4493557843486866, 0.48946538565799214, 0.5034190429428739, 0.5346484550382096, 0.557299036253691, 0.5837222224628382, 0.6109957642811382, 0.6328702914871734, 0.664509227025215, 0.6818572357968214, 0.7178394244859218, 0.7307174299312581, 0.7709863566632584, 0.7751584239654904, 0.8227230037049555, 0.8317082538865603, 0.8690791123723389, 0.8813731456798646, 0.9103513264469391, 0.9237074261383637, 0.940631783151658, 0.960268850170704, 0.9665808373011082, 0.9803753425724488, 0.9865218675275336, 0.9943424479812948, 0.9978139854907058, 1.0, 1.0003076873427903, 1.0], "acc_x": [4.696725711218528, 5.538476552969373, 4.2971990435758665, 2.8759820426487064, 3.5774410774410765, 3.651430592069861, 2.7762210348519334, 2.1543304875882505, 2.4661434420952792, 3.341352999313207, 3.1916386083052837, 2.4551066217732957, 1.5243534508767547, 1.669506855106067, 1.6714286606808408, 1.7253580380869196, 1.2294751164614113, 0.806677890011205, 0.42087542087541135, 0.0, -0.4606596646397535, -0.8464621337755469, -1.2692593602257536, -1.1944021647218133, -1.2294751164614306, -1.1924803591470179, -1.227553310886638, -1.1924803591470403, -1.2275533108866572, -1.1924803591470179, -1.7279972192907356, -2.863299825181591, -3.8965409206832344, -6.763100379282489, -10.222354451281664, -19.74607182940519, -31.3902918069585, -49.52300785634119, -58.42151675485005, -64.03318903318902, -59.31142747063149, -56.38204668736942, -53.76466222918887, -56.38204668736933, -62.71515995386182, -65.4791179417004, -56.3952234411392, -40.739777886523605, -19.54943331309451], "acc_y": [3.969361335222077, 4.061545716372489, 4.005949368718211, 3.8015690945921192, 3.520589784643555, 3.615735911718216, 0.8572120485198806, 0.07327879560290249, 0.15107314310079228, -0.11174928303669653, -0.21277923874345417, -0.12231044570488585, 0.02725991340049294, 0.308239223349057, 0.2130930962743962, 0.22915062787159557, 0.1534889336049489, -0.15352021066918337, -0.256460403170438, -0.2476148286140925, -0.02556328110220113, 0.19442713488200888, 0.2496405962012238, 0.3760804426886619, 0.4381624027265414, 0.5635901706220577, 0.744178265302463, 0.9492530030239817, 0.8694630479409093, 0.6186098413452948, 0.4159256736732604, 0.18311963616684926, -0.10289558509181512, -0.7358596169437941, -1.0060638512419773, -0.5661646199847759, -0.22571051943662568, -0.29789304836620634, -0.6528732554117898, -0.8253585368798313, -0.6322088627896532, -0.2113563518276756, -0.016053579380548244, 0.05673896663574679, -0.28006176981636227, -0.5510461693011467, -0.39907368528849363, -0.050164264543476667, 0.15982468363310226], "acc_z": [-5.836478392795758, -5.836478392795758, -5.3981072994367425, -5.3981072994367425, -5.636238445291772, -5.636238445291772, -1.9195708366990036, -0.6619457251002518, -0.22766171208156505, 0.20196565536021663, -0.05569079391562473, -0.7113975196530615, -0.7101458140461196, -0.4720146681910897, -0.6900257803198984, -0.6944293941773217, -0.9786262939344121, -1.6711630224767848, -1.822373246635657, -1.7830733350512162, -1.7883955801610507, -2.246845262884298, -2.6892543898116084, -2.6446339569136863, -2.381633265764612, -2.3097594967079913, -2.2120498159631357, -2.3672840653782385, -2.1419738743774657, -2.3171789496508755, -2.77177280816776, -2.561994308820891, -2.2966779267722592, -2.216801319039503, -2.198838176218882, -2.0427977196364697, -1.8367060949929819, -1.8701996947812267, -1.3688354846500643, -0.44586128570416306, -0.469414314839273, -1.2154406125581352, -2.7665520839221696, -2.572192096042321, -2.350774651285072, -2.2504218023545848, -2.223881855875712, -2.3273831132452094, -2.3385654765579207], "x": [1172, 1137, 1119, 971, 938, 804, 755, 635, 571, 481, 386, 310, 198, 138, -19, -19, -192, -209, -366, -399, -540, -588, -698, -778, -872, -968, -1045, -1155, -1217, -1347, -1394, -1539, -1555, -1725, -1757, -1893, -1938, -2046, -2096, -2163, -2244, -2267, -2308, -2344, -2445, -2512, -2536, -2537, -2540],