{"CornerNumber": [1, 2, 3, 4, 5, 6, 7, 8, 9, 10, 11, 12, 13, 14, 15, 16, 17, 18, 19, 20, 21], "X": [758.1060791015625, 289.2606201171875, -1342.8572998046875, -1215.64599609375, -1329.310791015625, -1822.6177978515625, -1652.641357421875, -5805.00927734375, -5142.84423828125, -3935.77490234375, 1657.04052734375, 1984.38232421875, 2354.76171875, 2322.87646484375, -410.5672607421875, -1822.58642578125, -2014.4530029296875, -948.2383422851562, -923.211669921875, -3897.388916015625, -4730.4609375], "Y": [6586.18017578125, 8810.6279296875, 9963.333984375, 11871.841796875, 14455.244140625, 14902.4365234375, 16067.1279296875, 4591.0283203125, 4383.76318359375, 2022.2926025390625, -1591.1627197265625, -1105.0916748046875, -825.3573608398438, 423.0693359375, 200.03628540039062, 1149.9744873046875, 2270.25537109375, 2550.0498046875, 3657.02001953125, 3670.621337890625, 5532.771484375], "Angle": [-32.94119674586171, 45.322447728615266, -156.2760598754811, -11.269918889093287, -136.68874890390444, 4.759003322642782, 70.5325106531237, -161.49115962077028, 53.98239720883735, -134.35208121198193, -68.54938824278845, 141.88935901384335, -33.72007746515994, 59.17932760669566, 82.18213329026113, 28.102844535943454, -28.523886733817836, -36.37820037945389, 42.91386898057699, 54.462497401770214, -19.987552213050254], "Distance": [395.04753067016605, 630.5318893432619, 836.4198532104494, 1032.0134188842778, 1293.6627062988287, 1366.5813601684574, 1502.9821362304695, 2731.875920562742, 2806.081374206541, 3076.3093267822233, 3749.7345419311473, 3809.35626480102, 3856.5389231872505, 3988.2214334106393, 4267.028051147455, 4441.17495391845, 4557.844800109857, 4673.227846527093, 4789.897692718499, 5100.445371551506, 5311.909467773428]}